,no,yes,accuracy,macro avg,weighted avg
precision,1.0,0.7380952380952381,0.7843137254901961,0.8690476190476191,0.8408029878618114
recall,0.45,1.0,0.7843137254901961,0.725,0.7843137254901961
f1-score,0.6206896551724138,0.8493150684931507,0.7843137254901961,0.7350023618327823,0.7596580436614891
support,20.0,31.0,0.7843137254901961,51.0,51.0
