,no,yes,accuracy,macro avg,weighted avg
precision,0.9411764705882353,0.8823529411764706,0.9019607843137255,0.9117647058823529,0.9054209919261822
recall,0.8,0.967741935483871,0.9019607843137255,0.8838709677419355,0.9019607843137255
f1-score,0.8648648648648648,0.923076923076923,0.9019607843137255,0.8939708939708939,0.9002486649545471
support,20.0,31.0,0.9019607843137255,51.0,51.0
