,no,yes,accuracy,macro avg,weighted avg
precision,1.0,0.7848101265822784,0.8333333333333334,0.8924050632911392,0.8691983122362869
recall,0.575,1.0,0.8333333333333334,0.7875,0.8333333333333334
f1-score,0.7301587301587301,0.8794326241134751,0.8333333333333334,0.8047956771361027,0.8208938421704378
support,40.0,62.0,0.8333333333333334,102.0,102.0
